"File name","What the patient should say"
"case-1/opening-01.mp3","Hey, I was just wondering if my antibiotics are ready yet?"
"case-1/concern-01.mp3","I usually feel better after a few days. Can I stop it then?"
"case-1/patient-question-01.mp3","If it makes me feel sick, is there anything I can do?"
"case-1/no-further-questions-01.mp3","No, I think that covers everything. Thank you."
"case-1/teach-back-not-ready-01.mp3","I’m not sure I could repeat that back yet. Could you go through the instructions with me first?"
"case-1/unknown-01.mp3","Sorry, I’m not quite sure what you mean. Could you explain that another way?"
"case-1/unknown-02.mp3","I’m not sure how that relates to this medicine. Could you explain it another way?"
"case-1/unknown-03.mp3","Sorry, I’m not quite following. Could you say that differently?"
"case-1/unknown-04.mp3","I didn’t quite understand that. Could you explain it more simply?"
"case-1/unknown-05.mp3","I’m not sure what you mean. Could you give me a little more detail?"
"case-1/intent-wrong-dosage-form-advice-01.mp3","This is a capsule, isn’t it? What exactly would I need to shake or refrigerate?"
"case-1/intent-wrong-dosage-form-advice-02.mp3","I thought these were capsules. Could you check those storage instructions?"
"case-1/intent-permission-to-ask-01.mp3","Of course. What would you like to ask me?"
"case-1/intent-permission-to-ask-02.mp3","Yes, that’s fine. Go ahead."
"case-1/intent-permission-to-ask-03.mp3","Sure, I’m happy to answer a few questions."
"case-1/intent-previous-use-01.mp3","No, I don’t think I’ve taken erythromycin before."
"case-1/intent-previous-use-02.mp3","This is my first supply of this antibiotic."
"case-1/intent-medical-conditions-01.mp3","The pharmacy has my high blood pressure and high cholesterol on record."
"case-1/intent-medical-conditions-02.mp3","The pharmacy has my blood pressure and cholesterol history on file."
"case-1/intent-current-symptoms-01.mp3","No chest pain or breathing problems. I just have the infection my doctor examined me for."
"case-1/intent-current-symptoms-02.mp3","Nothing like chest pain or breathing trouble — just the symptoms I saw my doctor about."
"case-1/intent-side-effect-explanation-01.mp3","Okay, what should I do if that happens?"
"case-1/intent-side-effect-explanation-02.mp3","Thanks for explaining that. I’ll keep an eye out for it."
"case-1/intent-side-effect-explanation-03.mp3","All right. Is there anything that would mean I need urgent help?"
"case-1/intent-medicine-explanation-01.mp3","Okay, that helps me understand what it’s for."
"case-1/intent-medicine-explanation-02.mp3","Thanks, that makes sense now."
"case-1/intent-dosing-instruction-01.mp3","Okay, I understand how to take it."
"case-1/intent-dosing-instruction-02.mp3","Got it, thank you."
"case-1/intent-courtesy-close-01.mp3","Thanks for taking the time to explain everything. Bye."
"case-1/intent-courtesy-close-02.mp3","Thanks, I feel much clearer about the plan now."
"case-1/intent-courtesy-close-03.mp3","Thank you. I’ll follow the label and call the pharmacy if I’m unsure about anything."
"case-1/intent-negative-answer-01.mp3","Okay, I won’t. What should I do instead?"
"case-1/intent-negative-answer-02.mp3","All right. Could you tell me what I should do now?"
"case-1/intent-affirmative-answer-01.mp3","Okay, thanks for confirming that."
"case-1/intent-affirmative-answer-02.mp3","Good, that’s a relief."
"case-1/intent-acknowledgement-01.mp3","Okay. Is there anything else I should know?"
"case-1/intent-acknowledgement-02.mp3","All right, I’m listening."
"case-1/topic-introduction-01.mp3","Hi, yes. That would be really helpful."
"case-1/topic-introduction-02.mp3","Okay, I’m listening."
"case-1/topic-introduction-03.mp3","Great, thanks. Go ahead."
"case-1/topic-introduction-repeat-01.mp3","Yes, I’m still with you."
"case-1/topic-confirm-identity-01.mp3","John Smith."
"case-1/topic-confirm-identity-02.mp3","It’s John Smith."
"case-1/topic-confirm-identity-repeat-01.mp3","John Smith."
"case-1/topic-confirm-age-01.mp3","My date of birth is 14 March 1965."
"case-1/topic-confirm-age-02.mp3","14 March 1965."
"case-1/topic-confirm-age-repeat-01.mp3","My date of birth is 14 March 1965."
"case-1/topic-allergies-01.mp3","I don’t have any medicine allergies that I know of."
"case-1/topic-allergies-02.mp3","No, no allergies to any medicines as far as I know."
"case-1/topic-allergies-repeat-01.mp3","I don’t have any medicine allergies that I know of."
"case-1/topic-current-medicines-01.mp3","I’m not taking any other regular medicines or supplements at the moment."
"case-1/topic-current-medicines-02.mp3","Nothing else at the moment — no other tablets or vitamins."
"case-1/topic-current-medicines-repeat-01.mp3","I’m not taking any other regular medicines or supplements at the moment."
"case-1/topic-purpose-01.mp3","Okay, that makes sense."
"case-1/topic-purpose-02.mp3","Right, so it’s for the infection. Good to know."
"case-1/topic-directions-01.mp3","One capsule three times a day. Okay."
"case-1/topic-directions-02.mp3","Got it — one capsule, three times each day."
"case-1/topic-complete-course-01.mp3","Right, I’ll finish the prescribed course."
"case-1/topic-complete-course-02.mp3","Okay, I’ll keep taking them until they’re all done, even if I feel better."
"case-1/topic-nausea-advice-01.mp3","I’ll try it with food if my stomach feels unsettled."
"case-1/topic-nausea-advice-02.mp3","Good to know I can have it with a meal if it makes me queasy."
"case-1/topic-allergic-reaction-safety-01.mp3","I’ll seek help straight away if I have a serious reaction."
"case-1/topic-allergic-reaction-safety-02.mp3","Understood — swelling or breathing trouble means I get help immediately."
"case-1/topic-teach-back-01.mp3","I’ll take one capsule three times each day and finish the prescribed course."
"case-1/topic-teach-back-repeat-01.mp3","I’ll take one capsule three times each day and finish the prescribed course."
"case-1/topic-invite-questions-01.mp3","I do have one more question before I go."
"case-1/topic-invite-questions-repeat-01.mp3","No, I think that covers everything. Thank you."
"case-2/opening-01.mp3","Hi, I’m here to pick up my warfarin. Is it ready yet?"
"case-2/concern-01.mp3","I sometimes take ibuprofen for headaches. Is that still okay?"
"case-2/patient-question-01.mp3","What signs of bleeding should make me get help?"
"case-2/no-further-questions-01.mp3","No, I think that covers everything. Thank you."
"case-2/teach-back-not-ready-01.mp3","I’m not sure I could repeat that back yet. Could you go through the instructions with me first?"
"case-2/unknown-01.mp3","I’m not sure I followed that. Could you say it another way?"
"case-2/unknown-02.mp3","I’m not sure how that relates to this medicine. Could you explain it another way?"
"case-2/unknown-03.mp3","Sorry, I’m not quite following. Could you say that differently?"
"case-2/unknown-04.mp3","I didn’t quite understand that. Could you explain it more simply?"
"case-2/unknown-05.mp3","I’m not sure what you mean. Could you give me a little more detail?"
"case-2/intent-permission-to-ask-01.mp3","Of course. What would you like to ask me?"
"case-2/intent-permission-to-ask-02.mp3","Yes, that’s fine. Go ahead."
"case-2/intent-permission-to-ask-03.mp3","Sure, I’m happy to answer a few questions."
"case-2/intent-previous-use-01.mp3","Yes, I’ve been taking warfarin for some time."
"case-2/intent-previous-use-02.mp3","Yes. This isn’t my first warfarin supply."
"case-2/intent-medical-conditions-01.mp3","I have the condition the anticoagulation clinic manages, and they monitor my warfarin."
"case-2/intent-medical-conditions-02.mp3","The anticoagulation clinic already has all of that in my records."
"case-2/intent-current-symptoms-01.mp3","I haven’t noticed unusual bleeding, black stools or a recent head injury."
"case-2/intent-current-symptoms-02.mp3","No new bleeding or bruising symptoms today."
"case-2/intent-side-effect-explanation-01.mp3","Okay, what should I do if that happens?"
"case-2/intent-side-effect-explanation-02.mp3","Thanks for explaining that. I’ll keep an eye out for it."
"case-2/intent-side-effect-explanation-03.mp3","All right. Is there anything that would mean I need urgent help?"
"case-2/intent-medicine-explanation-01.mp3","Okay, that helps me understand what it’s for."
"case-2/intent-medicine-explanation-02.mp3","Thanks, that makes sense now."
"case-2/intent-dosing-instruction-01.mp3","Okay, I understand how to take it."
"case-2/intent-dosing-instruction-02.mp3","Got it, thank you."
"case-2/intent-courtesy-close-01.mp3","Thanks for taking the time to explain everything. Bye."
"case-2/intent-courtesy-close-02.mp3","Thanks, I feel much clearer about the plan now."
"case-2/intent-courtesy-close-03.mp3","Thank you. I’ll follow the label and call the pharmacy if I’m unsure about anything."
"case-2/intent-negative-answer-01.mp3","Okay, I won’t. What should I do instead?"
"case-2/intent-negative-answer-02.mp3","All right. Could you tell me what I should do now?"
"case-2/intent-affirmative-answer-01.mp3","Okay, thanks for confirming that."
"case-2/intent-affirmative-answer-02.mp3","Good, that’s a relief."
"case-2/intent-acknowledgement-01.mp3","Okay. Is there anything else I should know?"
"case-2/intent-acknowledgement-02.mp3","All right, I’m listening."
"case-2/topic-introduction-01.mp3","Hi, yes. That would be really helpful."
"case-2/topic-introduction-02.mp3","Okay, I’m listening."
"case-2/topic-introduction-03.mp3","Great, thanks. Go ahead."
"case-2/topic-introduction-repeat-01.mp3","Yes, I’m still with you."
"case-2/topic-confirm-identity-01.mp3","Margaret Jones. Yes, the warfarin is for me."
"case-2/topic-confirm-identity-02.mp3","Margaret Jones — it’s my own prescription."
"case-2/topic-confirm-identity-repeat-01.mp3","Margaret Jones. Yes, the warfarin is for me."
"case-2/topic-confirm-age-01.mp3","My date of birth is 22 June 1948."
"case-2/topic-confirm-age-02.mp3","22 June 1948."
"case-2/topic-confirm-age-repeat-01.mp3","My date of birth is 22 June 1948."
"case-2/topic-allergies-01.mp3","No, I don’t have any medicine allergies that I know of."
"case-2/topic-allergies-02.mp3","None that I’ve ever been told about."
"case-2/topic-allergies-repeat-01.mp3","No, I don’t have any medicine allergies that I know of."
"case-2/topic-current-medicines-01.mp3","Warfarin is my main regular medicine. I sometimes use pain relievers for headaches."
"case-2/topic-current-medicines-02.mp3","Just the warfarin regularly, and the odd pain reliever when I get a headache."
"case-2/topic-current-medicines-repeat-01.mp3","Warfarin is my main regular medicine. I sometimes use pain relievers for headaches."
"case-2/topic-dose-plan-01.mp3","I’ve got the clinic’s current dose sheet, and I’ll follow that."
"case-2/topic-dose-plan-02.mp3","Yes, I keep the clinic’s dosing sheet on the fridge and stick to it."
"case-2/topic-inr-monitoring-01.mp3","My next INR test is booked. I’ll make sure I attend."
"case-2/topic-inr-monitoring-02.mp3","I never miss the blood tests — the clinic reminds me anyway."
"case-2/topic-interactions-01.mp3","I’ll check before using ibuprofen or starting anything new."
"case-2/topic-interactions-02.mp3","So no ibuprofen without asking first — I’ll remember that."
"case-2/topic-bleeding-safety-01.mp3","I’ll seek help if I have serious or unusual bleeding."
"case-2/topic-bleeding-safety-02.mp3","Right. If I have black stools or bleeding that won’t stop, I need urgent medical help."
"case-2/topic-teach-back-01.mp3","I’ll follow my current dose plan, attend my INR tests and check before taking other medicines."
"case-2/topic-teach-back-repeat-01.mp3","I’ll follow my current dose plan, attend my INR tests and check before taking other medicines."
"case-2/topic-invite-questions-01.mp3","I do have one more question before I go."
"case-2/topic-invite-questions-repeat-01.mp3","No, I think that covers everything. Thank you."
"case-3/opening-01.mp3","Hi, I’m Liam’s mum. I was just wondering if his antibiotic mixture is ready yet?"
"case-3/concern-01.mp3","Should I use a kitchen teaspoon to measure it?"
"case-3/patient-question-01.mp3","Where should I keep the bottle once it has been mixed?"
"case-3/no-further-questions-01.mp3","No, I think that covers everything. Thank you."
"case-3/teach-back-not-ready-01.mp3","I’m not sure I could repeat that back yet. Could you go through the instructions with me first?"
"case-3/unknown-01.mp3","Sorry, could you explain that in simpler terms for me?"
"case-3/unknown-02.mp3","I’m not sure how that relates to this medicine. Could you explain it another way?"
"case-3/unknown-03.mp3","Sorry, I’m not quite following. Could you say that differently?"
"case-3/unknown-04.mp3","I didn’t quite understand that. Could you explain it more simply?"
"case-3/unknown-05.mp3","I’m not sure what you mean. Could you give me a little more detail?"
"case-3/intent-diagnosis-question-01.mp3","The doctor said it is for the infection they examined Liam for, but I don’t know the clinical name."
"case-3/intent-diagnosis-question-02.mp3","I was told it is for Liam’s current infection. I’m not sure of the exact diagnosis."
"case-3/intent-permission-to-ask-01.mp3","Of course. What would you like to ask me?"
"case-3/intent-permission-to-ask-02.mp3","Yes, that’s fine. Go ahead."
"case-3/intent-permission-to-ask-03.mp3","Sure, I’m happy to answer a few questions."
"case-3/intent-previous-use-01.mp3","Liam has had an antibiotic before, but this is his first supply for this infection."
"case-3/intent-previous-use-02.mp3","He’s had antibiotics before, but not for this infection."
"case-3/intent-medical-conditions-01.mp3","Liam doesn’t have any other medical conditions that I know of."
"case-3/intent-medical-conditions-02.mp3","No other health conditions have been diagnosed."
"case-3/intent-current-symptoms-01.mp3","He has the symptoms the doctor assessed, but no breathing trouble or severe reaction."
"case-3/intent-current-symptoms-02.mp3","Nothing new since the doctor saw him, and he is breathing normally."
"case-3/intent-side-effect-explanation-01.mp3","Okay, what should I do if that happens?"
"case-3/intent-side-effect-explanation-02.mp3","Thanks for explaining that. I’ll keep an eye out for it."
"case-3/intent-side-effect-explanation-03.mp3","All right. Is there anything that would mean I need urgent help?"
"case-3/intent-medicine-explanation-01.mp3","Okay, that helps me understand what it’s for."
"case-3/intent-medicine-explanation-02.mp3","Thanks, that makes sense now."
"case-3/intent-dosing-instruction-01.mp3","Okay, I understand how to take it."
"case-3/intent-dosing-instruction-02.mp3","Got it, thank you."
"case-3/intent-courtesy-close-01.mp3","Thanks for taking the time to explain everything. Bye."
"case-3/intent-courtesy-close-02.mp3","Thanks, I feel much clearer about the plan now."
"case-3/intent-courtesy-close-03.mp3","Thank you. I’ll follow the label and call the pharmacy if I’m unsure about anything."
"case-3/intent-negative-answer-01.mp3","Okay, I won’t. What should I do instead?"
"case-3/intent-negative-answer-02.mp3","All right. Could you tell me what I should do now?"
"case-3/intent-affirmative-answer-01.mp3","Okay, thanks for confirming that."
"case-3/intent-affirmative-answer-02.mp3","Good, that’s a relief."
"case-3/intent-acknowledgement-01.mp3","Okay. Is there anything else I should know?"
"case-3/intent-acknowledgement-02.mp3","All right, I’m listening."
"case-3/topic-introduction-01.mp3","Hi, yes. That would be really helpful."
"case-3/topic-introduction-02.mp3","Okay, I’m listening."
"case-3/topic-introduction-03.mp3","Great, thanks. Go ahead."
"case-3/topic-introduction-repeat-01.mp3","Yes, I’m still with you."
"case-3/topic-confirm-identity-01.mp3","It’s for my son, Liam Henderson."
"case-3/topic-confirm-identity-02.mp3","This one’s for Liam, my son."
"case-3/topic-confirm-identity-repeat-01.mp3","It’s for my son, Liam Henderson."
"case-3/topic-confirm-age-01.mp3","His date of birth is 12 May 2009."
"case-3/topic-confirm-age-02.mp3","He was born on 12 May 2009."
"case-3/topic-confirm-age-repeat-01.mp3","His date of birth is 12 May 2009."
"case-3/topic-allergies-01.mp3","Liam has no known medicine allergies."
"case-3/topic-allergies-02.mp3","No — he’s never reacted to a medicine before."
"case-3/topic-allergies-repeat-01.mp3","Liam has no known medicine allergies."
"case-3/topic-current-medicines-01.mp3","He isn’t taking any other regular medicines or supplements."
"case-3/topic-current-medicines-02.mp3","Nothing else — this will be the only medicine he’s on."
"case-3/topic-current-medicines-repeat-01.mp3","He isn’t taking any other regular medicines or supplements."
"case-3/topic-purpose-01.mp3","Okay, it’s for the infection."
"case-3/topic-purpose-02.mp3","Okay, so it should help clear up the infection."
"case-3/topic-directions-01.mp3","Ten millilitres three times a day for ten days. Got it."
"case-3/topic-directions-02.mp3","Okay — 10 mL, three times daily, for the full ten days."
"case-3/topic-liquid-handling-01.mp3","I’ll shake it and use the oral syringe for every dose."
"case-3/topic-liquid-handling-02.mp3","No kitchen spoons then — I’ll measure it properly each time."
"case-3/topic-storage-01.mp3","I’ll keep it where the bottle label says, in the fridge for this product."
"case-3/topic-storage-02.mp3","Straight into the fridge when we get home, then."
"case-3/topic-complete-course-01.mp3","I’ll complete the full course even if Liam improves."
"case-3/topic-complete-course-02.mp3","Okay, we’ll keep going for the full ten days, even if he seems better."
"case-3/topic-common-effects-01.mp3","Okay, I’ll watch for stomach upset and ask for help if it is severe or worrying."
"case-3/topic-common-effects-02.mp3","Thanks. I’ll contact the pharmacy if the side effects are troublesome."
"case-3/topic-reaction-safety-01.mp3","I’ll get help if Liam develops signs of a serious reaction."
"case-3/topic-reaction-safety-02.mp3","Okay — any swelling or breathing trouble and we go straight for help."
"case-3/topic-teach-back-01.mp3","I’ll give Liam 10 mL three times daily for 10 days, shaking and measuring it carefully."
"case-3/topic-teach-back-repeat-01.mp3","I’ll give Liam 10 mL three times daily for 10 days, shaking and measuring it carefully."
"case-3/topic-invite-questions-01.mp3","I do have one more question before I go."
"case-3/topic-invite-questions-repeat-01.mp3","No, I think that covers everything. Thank you."
"case-4/opening-01.mp3","Hi, I was just wondering if my sleeping tablets are ready yet?"
"case-4/concern-01.mp3","Why can’t I just take it home today?"
"case-4/patient-question-01.mp3","How long will it take to speak with my doctor?"
"case-4/no-further-questions-01.mp3","No, I think that covers everything. Thank you."
"case-4/teach-back-not-ready-01.mp3","I’m not sure I could repeat that back yet. Could you go through the instructions with me first?"
"case-4/unknown-01.mp3","I’m not sure what that means for me. Could you explain it plainly?"
"case-4/unknown-02.mp3","I’m not sure how that relates to this medicine. Could you explain it another way?"
"case-4/unknown-03.mp3","Sorry, I’m not quite following. Could you say that differently?"
"case-4/unknown-04.mp3","I didn’t quite understand that. Could you explain it more simply?"
"case-4/unknown-05.mp3","I’m not sure what you mean. Could you give me a little more detail?"
"case-4/intent-permission-to-ask-01.mp3","Of course. What would you like to ask me?"
"case-4/intent-permission-to-ask-02.mp3","Yes, that’s fine. Go ahead."
"case-4/intent-permission-to-ask-03.mp3","Sure, I’m happy to answer a few questions."
"case-4/intent-previous-use-01.mp3","Yes, I’ve used temazepam before when I couldn’t sleep."
"case-4/intent-previous-use-02.mp3","Yes, I’ve had sleeping tablets before."
"case-4/intent-medical-conditions-01.mp3","I have anxiety, and the pharmacy has a record of my past alcohol dependence."
"case-4/intent-medical-conditions-02.mp3","My anxiety and previous alcohol dependence are the main relevant conditions."
"case-4/intent-current-symptoms-01.mp3","I’m having trouble sleeping, but I don’t have chest pain or breathing problems now."
"case-4/intent-current-symptoms-02.mp3","The main problem is sleep. I don’t have any urgent symptoms today."
"case-4/intent-side-effect-explanation-01.mp3","Okay, what should I do if that happens?"
"case-4/intent-side-effect-explanation-02.mp3","Thanks for explaining that. I’ll keep an eye out for it."
"case-4/intent-side-effect-explanation-03.mp3","All right. Is there anything that would mean I need urgent help?"
"case-4/intent-medicine-explanation-01.mp3","Okay, that helps me understand what it’s for."
"case-4/intent-medicine-explanation-02.mp3","Thanks, that makes sense now."
"case-4/intent-dosing-instruction-01.mp3","Okay, I understand how to take it."
"case-4/intent-dosing-instruction-02.mp3","Got it, thank you."
"case-4/intent-courtesy-close-01.mp3","Thanks for taking the time to explain everything. Bye."
"case-4/intent-courtesy-close-02.mp3","Thanks, I feel much clearer about the plan now."
"case-4/intent-courtesy-close-03.mp3","Thank you. I’ll follow the label and call the pharmacy if I’m unsure about anything."
"case-4/intent-negative-answer-01.mp3","Okay, I won’t. What should I do instead?"
"case-4/intent-negative-answer-02.mp3","All right. Could you tell me what I should do now?"
"case-4/intent-affirmative-answer-01.mp3","Okay, thanks for confirming that."
"case-4/intent-affirmative-answer-02.mp3","Good, that’s a relief."
"case-4/intent-acknowledgement-01.mp3","Okay. Is there anything else I should know?"
"case-4/intent-acknowledgement-02.mp3","All right, I’m listening."
"case-4/topic-introduction-01.mp3","Hi, yes. That would be really helpful."
"case-4/topic-introduction-02.mp3","Okay, I’m listening."
"case-4/topic-introduction-03.mp3","Great, thanks. Go ahead."
"case-4/topic-introduction-repeat-01.mp3","Yes, I’m still with you."
"case-4/topic-confirm-identity-01.mp3","David Park. The sleeping tablets are for me."
"case-4/topic-confirm-identity-02.mp3","David Park — yes, they’re mine."
"case-4/topic-confirm-identity-repeat-01.mp3","David Park. The sleeping tablets are for me."
"case-4/topic-confirm-age-01.mp3","My date of birth is 8 November 1971."
"case-4/topic-confirm-age-02.mp3","8 November 1971."
"case-4/topic-confirm-age-repeat-01.mp3","My date of birth is 8 November 1971."
"case-4/topic-allergies-01.mp3","I don’t have any known medicine allergies."
"case-4/topic-allergies-02.mp3","No allergies that I know about."
"case-4/topic-allergies-repeat-01.mp3","I don’t have any known medicine allergies."
"case-4/topic-current-medicines-01.mp3","I sometimes use other things to help me sleep, but nothing prescribed regularly."
"case-4/topic-current-medicines-02.mp3","Nothing regular on prescription. I do try different things for sleep now and then."
"case-4/topic-current-medicines-repeat-01.mp3","I sometimes use other things to help me sleep, but nothing prescribed regularly."
"case-4/topic-sedative-alcohol-history-01.mp3","I have a few alcoholic drinks most nights, especially when I can’t sleep."
"case-4/topic-sedative-alcohol-history-02.mp3","Honestly, I drink most evenings — it helps me wind down when sleep is bad."
"case-4/topic-explain-hold-01.mp3","I’m disappointed, but I understand that you need to check with my doctor first."
"case-4/topic-explain-hold-02.mp3","That’s frustrating, but okay — if it has to be checked, it has to be checked."
"case-4/topic-explain-risk-01.mp3","I didn’t realise the combination could increase the risk that much."
"case-4/topic-explain-risk-02.mp3","I hadn’t thought of the drinks and the tablets adding up like that."
"case-4/topic-next-steps-empathy-01.mp3","Thank you for explaining what will happen next."
"case-4/topic-next-steps-empathy-02.mp3","Okay. As long as someone lets me know today, that’s fine."
"case-4/topic-teach-back-01.mp3","You’ll hold the prescription, speak with my doctor and update me before anything is supplied."
"case-4/topic-teach-back-repeat-01.mp3","You’ll hold the prescription, speak with my doctor and update me before anything is supplied."
"case-4/topic-invite-questions-01.mp3","I do have one more question before I go."
"case-4/topic-invite-questions-repeat-01.mp3","No, I think that covers everything. Thank you."
"case-5/opening-01.mp3","Hi, I’m here to pick up my metformin. Is it ready yet?"
"case-5/concern-01.mp3","Is there a problem with the prescription?"
"case-5/patient-question-01.mp3","Should I keep taking my current tablets while you contact the doctor?"
"case-5/no-further-questions-01.mp3","No, I think that covers everything. Thank you."
"case-5/teach-back-not-ready-01.mp3","I’m not sure I could repeat that back yet. Could you go through the instructions with me first?"
"case-5/unknown-01.mp3","Could you explain what you need me to do next?"
"case-5/unknown-02.mp3","I’m not sure how that relates to this medicine. Could you explain it another way?"
"case-5/unknown-03.mp3","Sorry, I’m not quite following. Could you say that differently?"
"case-5/unknown-04.mp3","I didn’t quite understand that. Could you explain it more simply?"
"case-5/unknown-05.mp3","I’m not sure what you mean. Could you give me a little more detail?"
"case-5/intent-permission-to-ask-01.mp3","Of course. What would you like to ask me?"
"case-5/intent-permission-to-ask-02.mp3","Yes, that’s fine. Go ahead."
"case-5/intent-permission-to-ask-03.mp3","Sure, I’m happy to answer a few questions."
"case-5/intent-previous-use-01.mp3","Yes, I’ve taken metformin before, although this is the 1000 milligram strength."
"case-5/intent-previous-use-02.mp3","Yes. Metformin is one of my regular diabetes medicines."
"case-5/intent-medical-conditions-01.mp3","I have diabetes, high blood pressure, reflux and mildly reduced kidney function."
"case-5/intent-medical-conditions-02.mp3","My diabetes, blood pressure and recent kidney test are the main relevant issues."
"case-5/intent-current-symptoms-01.mp3","I feel well today and don’t have vomiting, severe weakness or breathing trouble."
"case-5/intent-current-symptoms-02.mp3","No new symptoms today. It’s just my regular prescription."
"case-5/intent-side-effect-explanation-01.mp3","Okay, what should I do if that happens?"
"case-5/intent-side-effect-explanation-02.mp3","Thanks for explaining that. I’ll keep an eye out for it."
"case-5/intent-side-effect-explanation-03.mp3","All right. Is there anything that would mean I need urgent help?"
"case-5/intent-medicine-explanation-01.mp3","Okay, that helps me understand what it’s for."
"case-5/intent-medicine-explanation-02.mp3","Thanks, that makes sense now."
"case-5/intent-dosing-instruction-01.mp3","Okay, I understand how to take it."
"case-5/intent-dosing-instruction-02.mp3","Got it, thank you."
"case-5/intent-courtesy-close-01.mp3","Thanks for taking the time to explain everything. Bye."
"case-5/intent-courtesy-close-02.mp3","Thanks, I feel much clearer about the plan now."
"case-5/intent-courtesy-close-03.mp3","Thank you. I’ll follow the label and call the pharmacy if I’m unsure about anything."
"case-5/intent-negative-answer-01.mp3","Okay, I won’t. What should I do instead?"
"case-5/intent-negative-answer-02.mp3","All right. Could you tell me what I should do now?"
"case-5/intent-affirmative-answer-01.mp3","Okay, thanks for confirming that."
"case-5/intent-affirmative-answer-02.mp3","Good, that’s a relief."
"case-5/intent-acknowledgement-01.mp3","Okay. Is there anything else I should know?"
"case-5/intent-acknowledgement-02.mp3","All right, I’m listening."
"case-5/topic-introduction-01.mp3","Hi, yes. That would be really helpful."
"case-5/topic-introduction-02.mp3","Okay, I’m listening."
"case-5/topic-introduction-03.mp3","Great, thanks. Go ahead."
"case-5/topic-introduction-repeat-01.mp3","Yes, I’m still with you."
"case-5/topic-confirm-identity-01.mp3","Carol Simmons. Yes, the metformin is for me."
"case-5/topic-confirm-identity-02.mp3","Carol Simmons — it’s my prescription."
"case-5/topic-confirm-identity-repeat-01.mp3","Carol Simmons. Yes, the metformin is for me."
"case-5/topic-confirm-age-01.mp3","My date of birth is 23 April 1959."
"case-5/topic-confirm-age-02.mp3","23 April 1959."
"case-5/topic-confirm-age-repeat-01.mp3","My date of birth is 23 April 1959."
"case-5/topic-allergies-01.mp3","I had an anaphylactic reaction to a sulfonamide antibiotic. I was told to avoid sulfonamides."
"case-5/topic-allergies-02.mp3","Yes — a sulfonamide antibiotic once gave me an anaphylactic reaction, so I must avoid those."
"case-5/topic-allergies-repeat-01.mp3","I had an anaphylactic reaction to a sulfonamide antibiotic. I was told to avoid sulfonamides."
"case-5/topic-current-medicines-01.mp3","I take cimetidine for reflux as well as my diabetes medicines."
"case-5/topic-current-medicines-02.mp3","Along with my diabetes tablets I take cimetidine for my reflux."
"case-5/topic-current-medicines-repeat-01.mp3","I take cimetidine for reflux as well as my diabetes medicines."
"case-5/topic-renal-history-01.mp3","My doctor said my kidney function was a little reduced at my last blood test."
"case-5/topic-renal-history-02.mp3","My last blood test showed that my kidney function was a little low, so the doctor is keeping an eye on it."
"case-5/topic-explain-hold-01.mp3","Okay. I understand you need to check before supplying it."
"case-5/topic-explain-hold-02.mp3","All right. Better to be safe — I’ll wait while you sort it out."
"case-5/topic-explain-concern-01.mp3","I see. I’m glad you checked the combination and my kidney result."
"case-5/topic-explain-concern-02.mp3","Goodness — no one had mentioned the reflux tablet could matter. Thank you for picking it up."
"case-5/topic-next-steps-01.mp3","I won’t change anything myself. I’ll wait until you’ve checked the plan."
"case-5/topic-next-steps-02.mp3","Okay — I’ll keep everything as it is until I hear back from you or the doctor."
"case-5/topic-teach-back-01.mp3","You’ll hold this supply, contact my doctor and update me without me changing the medicines on my own."
"case-5/topic-teach-back-repeat-01.mp3","You’ll hold this supply, contact my doctor and update me without me changing the medicines on my own."
"case-5/topic-invite-questions-01.mp3","I do have one more question before I go."
"case-5/topic-invite-questions-repeat-01.mp3","No, I think that covers everything. Thank you."
"case-6/opening-01.mp3","Hi, I’m Fiona. I was just wondering if my doxycycline is ready yet?"
"case-6/concern-01.mp3","I use an antacid most days. Can I take them together?"
"case-6/patient-question-01.mp3","Do I need to do anything different when I’m out in the sun?"
"case-6/no-further-questions-01.mp3","No, I think that covers everything. Thank you."
"case-6/teach-back-not-ready-01.mp3","I’m not sure I could repeat that back yet. Could you go through the instructions with me first?"
"case-6/unknown-01.mp3","Sorry, could you put that another way?"
"case-6/unknown-02.mp3","I’m not sure how that relates to this medicine. Could you explain it another way?"
"case-6/unknown-03.mp3","Sorry, I’m not quite following. Could you say that differently?"
"case-6/unknown-04.mp3","I didn’t quite understand that. Could you explain it more simply?"
"case-6/unknown-05.mp3","I’m not sure what you mean. Could you give me a little more detail?"
"case-6/intent-permission-to-ask-01.mp3","Of course. What would you like to ask me?"
"case-6/intent-permission-to-ask-02.mp3","Yes, that’s fine. Go ahead."
"case-6/intent-permission-to-ask-03.mp3","Sure, I’m happy to answer a few questions."
"case-6/intent-previous-use-01.mp3","No, this is my first time taking doxycycline."
"case-6/intent-previous-use-02.mp3","I haven’t used this antibiotic before."
"case-6/intent-medical-conditions-01.mp3","I don’t have any other medical conditions that I know of."
"case-6/intent-medical-conditions-02.mp3","No other diagnosed health conditions."
"case-6/intent-current-symptoms-01.mp3","I have the symptoms my doctor assessed, but no severe pain or breathing trouble."
"case-6/intent-current-symptoms-02.mp3","Nothing new or urgent since I saw the doctor."
"case-6/intent-side-effect-explanation-01.mp3","Okay, what should I do if that happens?"
"case-6/intent-side-effect-explanation-02.mp3","Thanks for explaining that. I’ll keep an eye out for it."
"case-6/intent-side-effect-explanation-03.mp3","All right. Is there anything that would mean I need urgent help?"
"case-6/intent-medicine-explanation-01.mp3","Okay, that helps me understand what it’s for."
"case-6/intent-medicine-explanation-02.mp3","Thanks, that makes sense now."
"case-6/intent-dosing-instruction-01.mp3","Okay, I understand how to take it."
"case-6/intent-dosing-instruction-02.mp3","Got it, thank you."
"case-6/intent-courtesy-close-01.mp3","Thanks for taking the time to explain everything. Bye."
"case-6/intent-courtesy-close-02.mp3","Thanks, I feel much clearer about the plan now."
"case-6/intent-courtesy-close-03.mp3","Thank you. I’ll follow the label and call the pharmacy if I’m unsure about anything."
"case-6/intent-negative-answer-01.mp3","Okay, I won’t. What should I do instead?"
"case-6/intent-negative-answer-02.mp3","All right. Could you tell me what I should do now?"
"case-6/intent-affirmative-answer-01.mp3","Okay, thanks for confirming that."
"case-6/intent-affirmative-answer-02.mp3","Good, that’s a relief."
"case-6/intent-acknowledgement-01.mp3","Okay. Is there anything else I should know?"
"case-6/intent-acknowledgement-02.mp3","All right, I’m listening."
"case-6/topic-introduction-01.mp3","Hi, yes. That would be really helpful."
"case-6/topic-introduction-02.mp3","Okay, I’m listening."
"case-6/topic-introduction-03.mp3","Great, thanks. Go ahead."
"case-6/topic-introduction-repeat-01.mp3","Yes, I’m still with you."
"case-6/topic-confirm-identity-01.mp3","Fiona Chang. The doxycycline is for me."
"case-6/topic-confirm-identity-02.mp3","Fiona Chang — yes, it’s mine."
"case-6/topic-confirm-identity-repeat-01.mp3","Fiona Chang. The doxycycline is for me."
"case-6/topic-confirm-age-01.mp3","My date of birth is 15 March 1998."
"case-6/topic-confirm-age-02.mp3","15 March 1998."
"case-6/topic-confirm-age-repeat-01.mp3","My date of birth is 15 March 1998."
"case-6/topic-allergies-01.mp3","I don’t have any known medicine allergies."
"case-6/topic-allergies-02.mp3","No allergies that I know of."
"case-6/topic-allergies-repeat-01.mp3","I don’t have any known medicine allergies."
"case-6/topic-current-medicines-01.mp3","I use an antacid fairly often and take a multivitamin."
"case-6/topic-current-medicines-02.mp3","Just a daily multivitamin, and I take an antacid most days for indigestion."
"case-6/topic-current-medicines-repeat-01.mp3","I use an antacid fairly often and take a multivitamin."
"case-6/topic-pregnancy-check-01.mp3","No, I’m not pregnant or breastfeeding."
"case-6/topic-pregnancy-check-02.mp3","No, I’m not pregnant or breastfeeding, and I’m not planning to become pregnant."
"case-6/topic-directions-01.mp3","One tablet twice a day. Okay."
"case-6/topic-directions-02.mp3","Right — one in the morning, one at night."
"case-6/topic-water-upright-01.mp3","I’ll use a full glass of water and stay upright for half an hour."
"case-6/topic-water-upright-02.mp3","Okay — plenty of water and no lying down straight after."
"case-6/topic-separation-01.mp3","I’ll leave at least two hours between doxycycline and my antacid or multivitamin."
"case-6/topic-separation-02.mp3","Okay — antacid and vitamins at least two hours apart from the antibiotic."
"case-6/topic-sun-precautions-01.mp3","I’ll use sunscreen and cover up while I’m taking it."
"case-6/topic-sun-precautions-02.mp3","Good to know — I’m outdoors a lot, so I’ll be extra careful with sunscreen."
"case-6/topic-teach-back-01.mp3","I’ll take one tablet twice daily with water, stay upright, separate my antacid and protect myself from the sun."
"case-6/topic-teach-back-repeat-01.mp3","I’ll take one tablet twice daily with water, stay upright, separate my antacid and protect myself from the sun."
"case-6/topic-invite-questions-01.mp3","I do have one more question before I go."
"case-6/topic-invite-questions-repeat-01.mp3","No, I think that covers everything. Thank you."
"case-7/opening-01.mp3","Hi, I’m here to pick up my usual OxyContin prescription. Is it ready yet?"
"case-7/concern-01.mp3","My grandchildren visit on weekends. Where should I keep these tablets?"
"case-7/patient-question-01.mp3","What would mean I need urgent help?"
"case-7/no-further-questions-01.mp3","No, I think that covers everything. Thank you."
"case-7/teach-back-not-ready-01.mp3","I’m not sure I could repeat that back yet. Could you go through the instructions with me first?"
"case-7/unknown-01.mp3","Could you explain how that affects my OxyContin?"
"case-7/unknown-02.mp3","I’m not sure how that relates to this medicine. Could you explain it another way?"
"case-7/unknown-03.mp3","Sorry, I’m not quite following. Could you say that differently?"
"case-7/unknown-04.mp3","I didn’t quite understand that. Could you explain it more simply?"
"case-7/unknown-05.mp3","I’m not sure what you mean. Could you give me a little more detail?"
"case-7/intent-permission-to-ask-01.mp3","Of course. What would you like to ask me?"
"case-7/intent-permission-to-ask-02.mp3","Yes, that’s fine. Go ahead."
"case-7/intent-permission-to-ask-03.mp3","Sure, I’m happy to answer a few questions."
"case-7/intent-previous-use-01.mp3","I have used this exact 20 milligram OxyContin twice daily for about six months."
"case-7/intent-previous-use-02.mp3","Yes — same strength, twice a day, for around six months now."
"case-7/intent-medical-conditions-01.mp3","I have metastatic prostate cancer and chronic pain."
"case-7/intent-medical-conditions-02.mp3","Prostate cancer that has spread, and the pain that comes with it."
"case-7/intent-current-symptoms-01.mp3","My pain is currently controlled. I am awake, breathing normally and not unusually drowsy."
"case-7/intent-current-symptoms-02.mp3","The pain is under control at the moment, and I’m not feeling overly sleepy."
"case-7/intent-side-effect-explanation-01.mp3","Okay, what should I do if that happens?"
"case-7/intent-side-effect-explanation-02.mp3","Thanks for explaining that. I’ll keep an eye out for it."
"case-7/intent-side-effect-explanation-03.mp3","All right. Is there anything that would mean I need urgent help?"
"case-7/intent-medicine-explanation-01.mp3","Okay, that helps me understand what it’s for."
"case-7/intent-medicine-explanation-02.mp3","Thanks, that makes sense now."
"case-7/intent-dosing-instruction-01.mp3","Okay, I understand how to take it."
"case-7/intent-dosing-instruction-02.mp3","Got it, thank you."
"case-7/intent-courtesy-close-01.mp3","Thanks for taking the time to explain everything. Bye."
"case-7/intent-courtesy-close-02.mp3","Thanks, I feel much clearer about the plan now."
"case-7/intent-courtesy-close-03.mp3","Thank you. I’ll follow the label and call the pharmacy if I’m unsure about anything."
"case-7/intent-negative-answer-01.mp3","Okay, I won’t. What should I do instead?"
"case-7/intent-negative-answer-02.mp3","All right. Could you tell me what I should do now?"
"case-7/intent-affirmative-answer-01.mp3","Okay, thanks for confirming that."
"case-7/intent-affirmative-answer-02.mp3","Good, that’s a relief."
"case-7/intent-acknowledgement-01.mp3","Okay. Is there anything else I should know?"
"case-7/intent-acknowledgement-02.mp3","All right, I’m listening."
"case-7/topic-introduction-01.mp3","Hi, yes. That would be really helpful."
"case-7/topic-introduction-02.mp3","Okay, I’m listening."
"case-7/topic-introduction-03.mp3","Great, thanks. Go ahead."
"case-7/topic-introduction-repeat-01.mp3","Yes, I’m still with you."
"case-7/topic-confirm-identity-01.mp3","Peter Morales. The OxyContin is for me."
"case-7/topic-confirm-identity-02.mp3","Peter Morales — it’s my own script."
"case-7/topic-confirm-identity-repeat-01.mp3","Peter Morales. The OxyContin is for me."
"case-7/topic-confirm-age-01.mp3","My date of birth is 19 August 1963."
"case-7/topic-confirm-age-02.mp3","19 August 1963."
"case-7/topic-confirm-age-repeat-01.mp3","My date of birth is 19 August 1963."
"case-7/topic-allergies-01.mp3","I have no known medicine allergies."
"case-7/topic-allergies-02.mp3","None — I’ve never reacted to anything."
"case-7/topic-allergies-repeat-01.mp3","I have no known medicine allergies."
"case-7/topic-current-medicines-01.mp3","I use short-acting oxycodone for breakthrough pain and a prescribed laxative."
"case-7/topic-current-medicines-02.mp3","Besides this, just the quick-acting oxycodone when the pain breaks through, and a laxative the doctor gave me."
"case-7/topic-current-medicines-repeat-01.mp3","I use short-acting oxycodone for breakthrough pain and a prescribed laxative."
"case-7/topic-opioid-tolerance-01.mp3","I have taken 20 milligrams every 12 hours for six months without breathing problems or excessive sleepiness."
"case-7/topic-opioid-tolerance-02.mp3","Six months on this dose, and it has never made me overly drowsy or short of breath."
"case-7/topic-directions-mr-01.mp3","One tablet every 12 hours, swallowed whole. I won’t crush or chew it."
"case-7/topic-directions-mr-02.mp3","Okay, I’ll take one whole tablet twice a day, without crushing it."
"case-7/topic-sedation-safety-01.mp3","I’ll avoid alcohol and won’t drive if I am drowsy or impaired."
"case-7/topic-sedation-safety-02.mp3","No alcohol, and I’ll stay off the road if I feel at all sleepy."
"case-7/topic-secure-storage-01.mp3","I’ll keep them locked away where the grandchildren can’t get to them."
"case-7/topic-secure-storage-02.mp3","Good point — they’ll go in the locked cabinet, well out of the kids’ reach."
"case-7/topic-respiratory-red-flags-01.mp3","I’ll call triple zero if my breathing becomes slow or difficult, or if someone can’t wake me."
"case-7/topic-respiratory-red-flags-02.mp3","If my breathing slows or someone can’t wake me, that’s a triple-zero call."
"case-7/topic-teach-back-01.mp3","I’ll take one whole tablet every 12 hours, avoid alcohol and unsafe driving, lock it away and seek emergency help for breathing trouble or unresponsiveness."
"case-7/topic-teach-back-repeat-01.mp3","I’ll take one whole tablet every 12 hours, avoid alcohol and unsafe driving, lock it away and seek emergency help for breathing trouble or unresponsiveness."
"case-7/topic-invite-questions-01.mp3","I do have one more question before I go."
"case-7/topic-invite-questions-repeat-01.mp3","No, I think that covers everything. Thank you."
"case-8/opening-01.mp3","Hi, my doctor prescribed a pain patch for me. I was wondering if it’s ready yet?"
"case-8/concern-01.mp3","Why can’t I take the patch home now?"
"case-8/patient-question-01.mp3","What should I use for pain while you contact the doctor?"
"case-8/no-further-questions-01.mp3","No, I think that covers everything. Thank you."
"case-8/teach-back-not-ready-01.mp3","I’m not sure I could repeat that back yet. Could you go through the instructions with me first?"
"case-8/unknown-01.mp3","I’m not sure what you need to know about my pain medicines."
"case-8/unknown-02.mp3","I’m not sure how that relates to this medicine. Could you explain it another way?"
"case-8/unknown-03.mp3","Sorry, I’m not quite following. Could you say that differently?"
"case-8/unknown-04.mp3","I didn’t quite understand that. Could you explain it more simply?"
"case-8/unknown-05.mp3","I’m not sure what you mean. Could you give me a little more detail?"
"case-8/intent-permission-to-ask-01.mp3","Of course. What would you like to ask me?"
"case-8/intent-permission-to-ask-02.mp3","Yes, that’s fine. Go ahead."
"case-8/intent-permission-to-ask-03.mp3","Sure, I’m happy to answer a few questions."
"case-8/intent-previous-use-01.mp3","I have never used fentanyl, oxycodone, morphine or any other strong opioid."
"case-8/intent-previous-use-02.mp3","No, never anything that strong — paracetamol is all I’ve needed."
"case-8/intent-medical-conditions-01.mp3","I have osteoarthritis and live alone."
"case-8/intent-medical-conditions-02.mp3","Just the arthritis in my joints. I manage on my own at home."
"case-8/intent-current-symptoms-01.mp3","I am sore but alert and breathing normally."
"case-8/intent-current-symptoms-02.mp3","The joints ache, but otherwise I feel quite well and wide awake."
"case-8/intent-side-effect-explanation-01.mp3","Okay, what should I do if that happens?"
"case-8/intent-side-effect-explanation-02.mp3","Thanks for explaining that. I’ll keep an eye out for it."
"case-8/intent-side-effect-explanation-03.mp3","All right. Is there anything that would mean I need urgent help?"
"case-8/intent-medicine-explanation-01.mp3","Okay, that helps me understand what it’s for."
"case-8/intent-medicine-explanation-02.mp3","Thanks, that makes sense now."
"case-8/intent-dosing-instruction-01.mp3","Okay, I understand how to take it."
"case-8/intent-dosing-instruction-02.mp3","Got it, thank you."
"case-8/intent-courtesy-close-01.mp3","Thanks for taking the time to explain everything. Bye."
"case-8/intent-courtesy-close-02.mp3","Thanks, I feel much clearer about the plan now."
"case-8/intent-courtesy-close-03.mp3","Thank you. I’ll follow the label and call the pharmacy if I’m unsure about anything."
"case-8/intent-negative-answer-01.mp3","Okay, I won’t. What should I do instead?"
"case-8/intent-negative-answer-02.mp3","All right. Could you tell me what I should do now?"
"case-8/intent-affirmative-answer-01.mp3","Okay, thanks for confirming that."
"case-8/intent-affirmative-answer-02.mp3","Good, that’s a relief."
"case-8/intent-acknowledgement-01.mp3","Okay. Is there anything else I should know?"
"case-8/intent-acknowledgement-02.mp3","All right, I’m listening."
"case-8/topic-introduction-01.mp3","Hi, yes. That would be really helpful."
"case-8/topic-introduction-02.mp3","Okay, I’m listening."
"case-8/topic-introduction-03.mp3","Great, thanks. Go ahead."
"case-8/topic-introduction-repeat-01.mp3","Yes, I’m still with you."
"case-8/topic-confirm-identity-01.mp3","Helen Brooks. The patch is for me."
"case-8/topic-confirm-identity-02.mp3","Helen Brooks — the patch is mine."
"case-8/topic-confirm-identity-repeat-01.mp3","Helen Brooks. The patch is for me."
"case-8/topic-confirm-age-01.mp3","My date of birth is 4 February 1945."
"case-8/topic-confirm-age-02.mp3","4 February 1945. I’m 81."
"case-8/topic-confirm-age-repeat-01.mp3","My date of birth is 4 February 1945."
"case-8/topic-allergies-01.mp3","I have no known medicine allergies."
"case-8/topic-allergies-02.mp3","No, no allergies that I’ve ever known about."
"case-8/topic-allergies-repeat-01.mp3","I have no known medicine allergies."
"case-8/topic-current-medicines-01.mp3","I only use paracetamol for pain. I don’t take sleeping tablets or strong pain medicines."
"case-8/topic-current-medicines-02.mp3","Just paracetamol when the arthritis plays up — nothing stronger, and no sleeping tablets."
"case-8/topic-current-medicines-repeat-01.mp3","I only use paracetamol for pain. I don’t take sleeping tablets or strong pain medicines."
"case-8/topic-opioid-history-01.mp3","No, I’ve never taken a strong opioid regularly. I only use paracetamol."
"case-8/topic-opioid-history-02.mp3","Never — this would be my first time on anything like fentanyl."
"case-8/topic-explain-hold-01.mp3","All right. I understand you need to stop and contact the doctor first."
"case-8/topic-explain-hold-02.mp3","Oh. Well, if it isn’t safe I’d rather you did check with the doctor."
"case-8/topic-explain-risk-01.mp3","I see — the patch could dangerously slow my breathing because I’m not used to opioids."
"case-8/topic-explain-risk-02.mp3","Goodness. I had no idea a patch could affect my breathing like that."
"case-8/topic-interim-plan-01.mp3","I won’t apply a patch. I’ll wait for the doctor’s reviewed plan."
"case-8/topic-interim-plan-02.mp3","All right — I’ll stick with the paracetamol and wait to hear from you."
"case-8/topic-teach-back-01.mp3","You’ll hold the fentanyl patch, contact my doctor, and update me. I won’t apply it."
"case-8/topic-teach-back-repeat-01.mp3","You’ll hold the fentanyl patch, contact my doctor, and update me. I won’t apply it."
"case-8/topic-invite-questions-01.mp3","I do have one more question before I go."
"case-8/topic-invite-questions-repeat-01.mp3","No, I think that covers everything. Thank you."
"case-9/opening-01.mp3","Hi, I’m here to pick up Noah’s usual dexamfetamine. Is it ready yet?"
"case-9/concern-01.mp3","It looks like his usual medicine. Why is there a delay?"
"case-9/patient-question-01.mp3","Will you call the clinic using the number on the prescription?"
"case-9/no-further-questions-01.mp3","No, I think that covers everything. Thank you."
"case-9/teach-back-not-ready-01.mp3","I’m not sure I could repeat that back yet. Could you go through the instructions with me first?"
"case-9/unknown-01.mp3","Could you explain what detail on the prescription is concerning?"
"case-9/unknown-02.mp3","I’m not sure how that relates to this medicine. Could you explain it another way?"
"case-9/unknown-03.mp3","Sorry, I’m not quite following. Could you say that differently?"
"case-9/unknown-04.mp3","I didn’t quite understand that. Could you explain it more simply?"
"case-9/unknown-05.mp3","I’m not sure what you mean. Could you give me a little more detail?"
"case-9/intent-permission-to-ask-01.mp3","Of course. What would you like to ask me?"
"case-9/intent-permission-to-ask-02.mp3","Yes, that’s fine. Go ahead."
"case-9/intent-permission-to-ask-03.mp3","Sure, I’m happy to answer a few questions."
"case-9/intent-previous-use-01.mp3","Noah has used dexamfetamine for several months."
"case-9/intent-previous-use-02.mp3","He’s been on it a few months now with no problems."
"case-9/intent-medical-conditions-01.mp3","He has ADHD and no known heart condition."
"case-9/intent-medical-conditions-02.mp3","Only the ADHD — his heart has always been fine."
"case-9/intent-current-symptoms-01.mp3","He is well today with no chest pain, fainting or severe agitation."
"case-9/intent-current-symptoms-02.mp3","He’s his usual self — nothing unusual at all today."
"case-9/intent-side-effect-explanation-01.mp3","Okay, what should I do if that happens?"
"case-9/intent-side-effect-explanation-02.mp3","Thanks for explaining that. I’ll keep an eye out for it."
"case-9/intent-side-effect-explanation-03.mp3","All right. Is there anything that would mean I need urgent help?"
"case-9/intent-medicine-explanation-01.mp3","Okay, that helps me understand what it’s for."
"case-9/intent-medicine-explanation-02.mp3","Thanks, that makes sense now."
"case-9/intent-dosing-instruction-01.mp3","Okay, I understand how to take it."
"case-9/intent-dosing-instruction-02.mp3","Got it, thank you."
"case-9/intent-courtesy-close-01.mp3","Thanks for taking the time to explain everything. Bye."
"case-9/intent-courtesy-close-02.mp3","Thanks, I feel much clearer about the plan now."
"case-9/intent-courtesy-close-03.mp3","Thank you. I’ll follow the label and call the pharmacy if I’m unsure about anything."
"case-9/intent-negative-answer-01.mp3","Okay, I won’t. What should I do instead?"
"case-9/intent-negative-answer-02.mp3","All right. Could you tell me what I should do now?"
"case-9/intent-affirmative-answer-01.mp3","Okay, thanks for confirming that."
"case-9/intent-affirmative-answer-02.mp3","Good, that’s a relief."
"case-9/intent-acknowledgement-01.mp3","Okay. Is there anything else I should know?"
"case-9/intent-acknowledgement-02.mp3","All right, I’m listening."
"case-9/topic-introduction-01.mp3","Hi, yes. That would be really helpful."
"case-9/topic-introduction-02.mp3","Okay, I’m listening."
"case-9/topic-introduction-03.mp3","Great, thanks. Go ahead."
"case-9/topic-introduction-repeat-01.mp3","Yes, I’m still with you."
"case-9/topic-confirm-identity-01.mp3","It is for my son, Noah Williams."
"case-9/topic-confirm-identity-02.mp3","It’s Noah’s — my son."
"case-9/topic-confirm-identity-repeat-01.mp3","It is for my son, Noah Williams."
"case-9/topic-confirm-age-01.mp3","His date of birth is 11 November 2009."
"case-9/topic-confirm-age-02.mp3","Noah was born on 11 November 2009."
"case-9/topic-confirm-age-repeat-01.mp3","His date of birth is 11 November 2009."
"case-9/topic-allergies-01.mp3","Noah has no known medicine allergies."
"case-9/topic-allergies-02.mp3","No — he’s never had a reaction to anything."
"case-9/topic-allergies-repeat-01.mp3","Noah has no known medicine allergies."
"case-9/topic-current-medicines-01.mp3","He only takes dexamfetamine. He doesn’t use decongestants, antidepressants, or supplements."
"case-9/topic-current-medicines-02.mp3","Just the dexamfetamine. Nothing else, not even vitamins."
"case-9/topic-current-medicines-repeat-01.mp3","He only takes dexamfetamine. He doesn’t use decongestants, antidepressants, or supplements."
"case-9/topic-explain-hold-01.mp3","I understand — the prescriber number does not match, so you need to authenticate it first."
"case-9/topic-explain-hold-02.mp3","Oh — I had no idea. Of course, check whatever you need to."
"case-9/topic-independent-contact-01.mp3","That makes sense. Please use the clinic details you already have verified."
"case-9/topic-independent-contact-02.mp3","Right — safer to ring the clinic on the number you already know is real."
"case-9/topic-follow-up-01.mp3","Please update me after the clinic confirms what happened."
"case-9/topic-follow-up-02.mp3","Thank you. Ring me as soon as you hear back — Noah needs his medicine."
"case-9/topic-teach-back-01.mp3","You’ll hold the medicine, contact the clinic using the verified number, document what happens, and update me."
"case-9/topic-teach-back-repeat-01.mp3","You’ll hold the medicine, contact the clinic using the verified number, document what happens, and update me."
"case-9/topic-invite-questions-01.mp3","I do have one more question before I go."
"case-9/topic-invite-questions-repeat-01.mp3","No, I think that covers everything. Thank you."
"case-10/opening-01.mp3","Hi, I was just wondering if my methotrexate is ready yet?"
"case-10/concern-01.mp3","The label says daily, but I thought I took it once a week. Which is right?"
"case-10/patient-question-01.mp3","Should I take today’s tablet while you check?"
"case-10/no-further-questions-01.mp3","No, I think that covers everything. Thank you."
"case-10/teach-back-not-ready-01.mp3","I’m not sure I could repeat that back yet. Could you go through the instructions with me first?"
"case-10/unknown-01.mp3","Could you explain what you are checking about my weekly medicine?"
"case-10/unknown-02.mp3","I’m not sure how that relates to this medicine. Could you explain it another way?"
"case-10/unknown-03.mp3","Sorry, I’m not quite following. Could you say that differently?"
"case-10/unknown-04.mp3","I didn’t quite understand that. Could you explain it more simply?"
"case-10/unknown-05.mp3","I’m not sure what you mean. Could you give me a little more detail?"
"case-10/intent-permission-to-ask-01.mp3","Of course. What would you like to ask me?"
"case-10/intent-permission-to-ask-02.mp3","Yes, that’s fine. Go ahead."
"case-10/intent-permission-to-ask-03.mp3","Sure, I’m happy to answer a few questions."
"case-10/intent-previous-use-01.mp3","I have taken 10 milligrams every Sunday for rheumatoid arthritis."
"case-10/intent-previous-use-02.mp3","Yes, for a long while — one dose every Sunday."
"case-10/intent-medical-conditions-01.mp3","I have rheumatoid arthritis."
"case-10/intent-medical-conditions-02.mp3","Only the rheumatoid arthritis that the methotrexate is for."
"case-10/intent-current-symptoms-01.mp3","I feel well, with no fever, mouth ulcers, unusual bruising or shortness of breath."
"case-10/intent-current-symptoms-02.mp3","I’m feeling fine at the moment — nothing out of the ordinary."
"case-10/intent-side-effect-explanation-01.mp3","Okay, what should I do if that happens?"
"case-10/intent-side-effect-explanation-02.mp3","Thanks for explaining that. I’ll keep an eye out for it."
"case-10/intent-side-effect-explanation-03.mp3","All right. Is there anything that would mean I need urgent help?"
"case-10/intent-medicine-explanation-01.mp3","Okay, that helps me understand what it’s for."
"case-10/intent-medicine-explanation-02.mp3","Thanks, that makes sense now."
"case-10/intent-dosing-instruction-01.mp3","Okay, I understand how to take it."
"case-10/intent-dosing-instruction-02.mp3","Got it, thank you."
"case-10/intent-courtesy-close-01.mp3","Thanks for taking the time to explain everything. Bye."
"case-10/intent-courtesy-close-02.mp3","Thanks, I feel much clearer about the plan now."
"case-10/intent-courtesy-close-03.mp3","Thank you. I’ll follow the label and call the pharmacy if I’m unsure about anything."
"case-10/intent-negative-answer-01.mp3","Okay, I won’t. What should I do instead?"
"case-10/intent-negative-answer-02.mp3","All right. Could you tell me what I should do now?"
"case-10/intent-affirmative-answer-01.mp3","Okay, thanks for confirming that."
"case-10/intent-affirmative-answer-02.mp3","Good, that’s a relief."
"case-10/intent-acknowledgement-01.mp3","Okay. Is there anything else I should know?"
"case-10/intent-acknowledgement-02.mp3","All right, I’m listening."
"case-10/topic-introduction-01.mp3","Hi, yes. That would be really helpful."
"case-10/topic-introduction-02.mp3","Okay, I’m listening."
"case-10/topic-introduction-03.mp3","Great, thanks. Go ahead."
"case-10/topic-introduction-repeat-01.mp3","Yes, I’m still with you."
"case-10/topic-confirm-identity-01.mp3","Grace Lim. The methotrexate is for me."
"case-10/topic-confirm-identity-02.mp3","Grace Lim — it’s my own prescription."
"case-10/topic-confirm-identity-repeat-01.mp3","Grace Lim. The methotrexate is for me."
"case-10/topic-confirm-age-01.mp3","My date of birth is 9 September 1967."
"case-10/topic-confirm-age-02.mp3","9 September 1967."
"case-10/topic-confirm-age-repeat-01.mp3","My date of birth is 9 September 1967."
"case-10/topic-allergies-01.mp3","I have no known medicine allergies."
"case-10/topic-allergies-02.mp3","No allergies that I’ve ever been told about."
"case-10/topic-allergies-repeat-01.mp3","I have no known medicine allergies."
"case-10/topic-current-medicines-01.mp3","I take folic acid on a different day and sometimes use paracetamol. I don’t take ibuprofen unless I’m told to."
"case-10/topic-current-medicines-02.mp3","Folic acid once a week on a different day, and paracetamol occasionally. I avoid ibuprofen."
"case-10/topic-current-medicines-repeat-01.mp3","I take folic acid on a different day and sometimes use paracetamol. I don’t take ibuprofen unless I’m told to."
"case-10/topic-weekly-history-01.mp3","I take methotrexate every Sunday and folic acid on Monday."
"case-10/topic-weekly-history-02.mp3","Sundays for the methotrexate, then folic acid on the Monday."
"case-10/topic-explain-hold-01.mp3","I won’t follow the daily direction. Please have the doctor correct it before supply."
"case-10/topic-explain-hold-02.mp3","Thank goodness you noticed. I’ll wait until the doctor fixes the directions."
"case-10/topic-red-flags-01.mp3","I’ll seek urgent advice for fever, mouth ulcers, unusual bruising or breathing trouble."
"case-10/topic-red-flags-02.mp3","Okay — mouth ulcers, fever or strange bruising means I call for help straight away."
"case-10/topic-teach-back-01.mp3","I won’t take it every day. You’ll hold the prescription and ask the doctor to confirm the correct once-weekly plan."
"case-10/topic-teach-back-repeat-01.mp3","I won’t take it every day. You’ll hold the prescription and ask the doctor to confirm the correct once-weekly plan."
"case-10/topic-invite-questions-01.mp3","I do have one more question before I go."
"case-10/topic-invite-questions-repeat-01.mp3","No, I think that covers everything. Thank you."
"case-11/opening-01.mp3","Hi, I was just wondering if my lithium is ready. I’ve also had a stomach bug for the past two days."
"case-11/concern-01.mp3","My hands are shakier and I feel unsteady. Is that just the stomach bug?"
"case-11/patient-question-01.mp3","Can I keep taking lithium and ibuprofen tonight?"
"case-11/no-further-questions-01.mp3","No, I think that covers everything. Thank you."
"case-11/teach-back-not-ready-01.mp3","I’m not sure I could repeat that back yet. Could you go through the instructions with me first?"
"case-11/unknown-01.mp3","Could you explain what that has to do with dehydration or lithium?"
"case-11/unknown-02.mp3","I’m not sure how that relates to this medicine. Could you explain it another way?"
"case-11/unknown-03.mp3","Sorry, I’m not quite following. Could you say that differently?"
"case-11/unknown-04.mp3","I didn’t quite understand that. Could you explain it more simply?"
"case-11/unknown-05.mp3","I’m not sure what you mean. Could you give me a little more detail?"
"case-11/intent-permission-to-ask-01.mp3","Of course. What would you like to ask me?"
"case-11/intent-permission-to-ask-02.mp3","Yes, that’s fine. Go ahead."
"case-11/intent-permission-to-ask-03.mp3","Sure, I’m happy to answer a few questions."
"case-11/intent-previous-use-01.mp3","I have taken Quilonum SR for several years."
"case-11/intent-previous-use-02.mp3","Years now — it’s been steady the whole time."
"case-11/intent-medical-conditions-01.mp3","I have bipolar disorder and no known chronic kidney disease."
"case-11/intent-medical-conditions-02.mp3","Bipolar disorder — that’s what the lithium is for. My kidneys have been fine."
"case-11/intent-current-symptoms-01.mp3","I’ve been vomiting and have diarrhoea. I’m hardly drinking, my tremor is worse, and I feel unsteady."
"case-11/intent-current-symptoms-02.mp3","I’ve been vomiting with diarrhoea, barely keeping fluids down, and my tremor is worse than usual."
"case-11/intent-side-effect-explanation-01.mp3","Okay, what should I do if that happens?"
"case-11/intent-side-effect-explanation-02.mp3","Thanks for explaining that. I’ll keep an eye out for it."
"case-11/intent-side-effect-explanation-03.mp3","All right. Is there anything that would mean I need urgent help?"
"case-11/intent-medicine-explanation-01.mp3","Okay, that helps me understand what it’s for."
"case-11/intent-medicine-explanation-02.mp3","Thanks, that makes sense now."
"case-11/intent-dosing-instruction-01.mp3","Okay, I understand how to take it."
"case-11/intent-dosing-instruction-02.mp3","Got it, thank you."
"case-11/intent-courtesy-close-01.mp3","Thanks for taking the time to explain everything. Bye."
"case-11/intent-courtesy-close-02.mp3","Thanks, I feel much clearer about the plan now."
"case-11/intent-courtesy-close-03.mp3","Thank you. I’ll follow the label and call the pharmacy if I’m unsure about anything."
"case-11/intent-negative-answer-01.mp3","Okay, I won’t. What should I do instead?"
"case-11/intent-negative-answer-02.mp3","All right. Could you tell me what I should do now?"
"case-11/intent-affirmative-answer-01.mp3","Okay, thanks for confirming that."
"case-11/intent-affirmative-answer-02.mp3","Good, that’s a relief."
"case-11/intent-acknowledgement-01.mp3","Okay. Is there anything else I should know?"
"case-11/intent-acknowledgement-02.mp3","All right, I’m listening."
"case-11/topic-introduction-01.mp3","Hi, yes. That would be really helpful."
"case-11/topic-introduction-02.mp3","Okay, I’m listening."
"case-11/topic-introduction-03.mp3","Great, thanks. Go ahead."
"case-11/topic-introduction-repeat-01.mp3","Yes, I’m still with you."
"case-11/topic-confirm-identity-01.mp3","Rahul Mehta. The lithium is for me."
"case-11/topic-confirm-identity-02.mp3","Rahul Mehta — the lithium’s mine."
"case-11/topic-confirm-identity-repeat-01.mp3","Rahul Mehta. The lithium is for me."
"case-11/topic-confirm-age-01.mp3","My date of birth is 29 January 1982."
"case-11/topic-confirm-age-02.mp3","29 January 1982."
"case-11/topic-confirm-age-repeat-01.mp3","My date of birth is 29 January 1982."
"case-11/topic-allergies-01.mp3","I have no known medicine allergies."
"case-11/topic-allergies-02.mp3","No allergies that I know of."
"case-11/topic-allergies-repeat-01.mp3","I have no known medicine allergies."
"case-11/topic-current-medicines-01.mp3","I started ibuprofen for aches during the stomach bug. I also take lithium regularly."
"case-11/topic-current-medicines-02.mp3","Just the lithium normally, though I’ve been taking ibuprofen this week for the aches."
"case-11/topic-current-medicines-repeat-01.mp3","I started ibuprofen for aches during the stomach bug. I also take lithium regularly."
"case-11/topic-toxicity-assessment-01.mp3","Yes. I’ve had vomiting and diarrhoea, and I’m hardly drinking. I’ve also taken ibuprofen, and my tremor and balance are worse."
"case-11/topic-toxicity-assessment-02.mp3","It’s been rough — vomiting, not drinking much, ibuprofen for the aches, and now my hands are shakier."
"case-11/topic-urgent-plan-01.mp3","Okay. I’ll get seen urgently today rather than just taking the tablets as usual."
"case-11/topic-urgent-plan-02.mp3","That sounds serious. I’ll go and get checked today, then."
"case-11/topic-interaction-explanation-01.mp3","I see — both dehydration and ibuprofen may have raised my lithium level."
"case-11/topic-interaction-explanation-02.mp3","I didn’t realise being unwell and the ibuprofen could push my lithium up like that."
"case-11/topic-teach-back-01.mp3","I’ll get urgent medical help now because the illness, ibuprofen, and my symptoms could mean lithium toxicity."
"case-11/topic-teach-back-repeat-01.mp3","I’ll get urgent medical help now because the illness, ibuprofen, and my symptoms could mean lithium toxicity."
"case-11/topic-invite-questions-01.mp3","I do have one more question before I go."
"case-11/topic-invite-questions-repeat-01.mp3","No, I think that covers everything. Thank you."
"case-12/opening-01.mp3","Hi, I’m here to pick up my Eliquis. Is it meant to be a stronger tablet this time?"
"case-12/concern-01.mp3","My old box was 2.5 milligrams. Why does this prescription say 5 milligrams?"
"case-12/patient-question-01.mp3","I use naproxen for arthritis. Can I keep taking it with Eliquis?"
"case-12/no-further-questions-01.mp3","No, I think that covers everything. Thank you."
"case-12/teach-back-not-ready-01.mp3","I’m not sure I could repeat that back yet. Could you go through the instructions with me first?"
"case-12/unknown-01.mp3","Could you explain what information you need about my blood thinner?"
"case-12/unknown-02.mp3","I’m not sure how that relates to this medicine. Could you explain it another way?"
"case-12/unknown-03.mp3","Sorry, I’m not quite following. Could you say that differently?"
"case-12/unknown-04.mp3","I didn’t quite understand that. Could you explain it more simply?"
"case-12/unknown-05.mp3","I’m not sure what you mean. Could you give me a little more detail?"
"case-12/intent-permission-to-ask-01.mp3","Of course. What would you like to ask me?"
"case-12/intent-permission-to-ask-02.mp3","Yes, that’s fine. Go ahead."
"case-12/intent-permission-to-ask-03.mp3","Sure, I’m happy to answer a few questions."
"case-12/intent-previous-use-01.mp3","I have been taking Eliquis 2.5 milligrams twice daily for atrial fibrillation."
"case-12/intent-previous-use-02.mp3","Yes, for a good while — the small 2.5 tablet, morning and night."
"case-12/intent-medical-conditions-01.mp3","I have atrial fibrillation and reduced kidney function."
"case-12/intent-medical-conditions-02.mp3","My heart rhythm problem — atrial fibrillation — and the doctor says my kidneys aren’t what they were."
"case-12/intent-current-symptoms-01.mp3","I have some easy bruising but no major bleeding, black stools, severe headache or weakness."
"case-12/intent-current-symptoms-02.mp3","I bruise easily these days, but there’s been no real bleeding or anything alarming."
"case-12/intent-side-effect-explanation-01.mp3","Okay, what should I do if that happens?"
"case-12/intent-side-effect-explanation-02.mp3","Thanks for explaining that. I’ll keep an eye out for it."
"case-12/intent-side-effect-explanation-03.mp3","All right. Is there anything that would mean I need urgent help?"
"case-12/intent-medicine-explanation-01.mp3","Okay, that helps me understand what it’s for."
"case-12/intent-medicine-explanation-02.mp3","Thanks, that makes sense now."
"case-12/intent-dosing-instruction-01.mp3","Okay, I understand how to take it."
"case-12/intent-dosing-instruction-02.mp3","Got it, thank you."
"case-12/intent-courtesy-close-01.mp3","Thanks for taking the time to explain everything. Bye."
"case-12/intent-courtesy-close-02.mp3","Thanks, I feel much clearer about the plan now."
"case-12/intent-courtesy-close-03.mp3","Thank you. I’ll follow the label and call the pharmacy if I’m unsure about anything."
"case-12/intent-negative-answer-01.mp3","Okay, I won’t. What should I do instead?"
"case-12/intent-negative-answer-02.mp3","All right. Could you tell me what I should do now?"
"case-12/intent-affirmative-answer-01.mp3","Okay, thanks for confirming that."
"case-12/intent-affirmative-answer-02.mp3","Good, that’s a relief."
"case-12/intent-acknowledgement-01.mp3","Okay. Is there anything else I should know?"
"case-12/intent-acknowledgement-02.mp3","All right, I’m listening."
"case-12/topic-introduction-01.mp3","Hi, yes. That would be really helpful."
"case-12/topic-introduction-02.mp3","Okay, I’m listening."
"case-12/topic-introduction-03.mp3","Great, thanks. Go ahead."
"case-12/topic-introduction-repeat-01.mp3","Yes, I’m still with you."
"case-12/topic-confirm-identity-01.mp3","Evelyn Scott. The Eliquis is for me."
"case-12/topic-confirm-identity-02.mp3","Evelyn Scott — the Eliquis is mine."
"case-12/topic-confirm-identity-repeat-01.mp3","Evelyn Scott. The Eliquis is for me."
"case-12/topic-confirm-age-01.mp3","My date of birth is 2 December 1942. I am 83."
"case-12/topic-confirm-age-02.mp3","2 December 1942 — I’m 83 now."
"case-12/topic-confirm-age-repeat-01.mp3","My date of birth is 2 December 1942. I am 83."
"case-12/topic-allergies-01.mp3","I have no known medicine allergies."
"case-12/topic-allergies-02.mp3","No, dear — no allergies that I’ve ever known."
"case-12/topic-allergies-repeat-01.mp3","I have no known medicine allergies."
"case-12/topic-current-medicines-01.mp3","I use naproxen most days for arthritis and take my other heart medicines."
"case-12/topic-current-medicines-02.mp3","My heart tablets, and naproxen most days for the arthritis."
"case-12/topic-current-medicines-repeat-01.mp3","I use naproxen most days for arthritis and take my other heart medicines."
"case-12/topic-dose-factors-01.mp3","It is for atrial fibrillation. I weigh 54 kilograms, my creatinine was 168, and my previous dose was 2.5 milligrams twice daily."
"case-12/topic-dose-factors-02.mp3","The heart rhythm. I’m only 54 kilos, my kidney number was 168 at the last test, and I’ve always had the 2.5 twice a day."
"case-12/topic-explain-hold-01.mp3","Please check it. I won’t switch to the stronger tablet until the doctor reviews the dose."
"case-12/topic-explain-hold-02.mp3","I did wonder about the bigger tablet. I’ll stay on my old ones until you hear from the doctor."
"case-12/topic-bleeding-interaction-01.mp3","I’ll have the naproxen reviewed and seek urgent help for major bleeding, black stools or a sudden severe headache."
"case-12/topic-bleeding-interaction-02.mp3","I see — the arthritis tablets and the blood thinner together. I’ll watch for any bleeding and get help fast."
"case-12/topic-teach-back-01.mp3","You’ll hold the 5 milligram Eliquis, check the dose and naproxen with my doctor, and then update me."
"case-12/topic-teach-back-repeat-01.mp3","You’ll hold the 5 milligram Eliquis, check the dose and naproxen with my doctor, and then update me."
"case-12/topic-invite-questions-01.mp3","I do have one more question before I go."
"case-12/topic-invite-questions-repeat-01.mp3","No, I think that covers everything. Thank you."
"case-13/opening-01.mp3","Hi, I was just wondering if my two diabetes medicines are ready yet?"
"case-13/concern-01.mp3","These new ones are a lot bigger than my old tablets. Can I halve them to get them down?"
"case-13/patient-question-01.mp3","Do I need to worry about my sugar dropping too low on these?"
"case-13/no-further-questions-01.mp3","No, I think that covers everything. Thank you."
"case-13/teach-back-not-ready-01.mp3","I’m not sure I could repeat that back yet. Could you go through the instructions with me first?"
"case-13/unknown-01.mp3","Could you explain how that applies to my diabetes tablets?"
"case-13/unknown-02.mp3","I’m not sure how that relates to this medicine. Could you explain it another way?"
"case-13/unknown-03.mp3","Sorry, I’m not quite following. Could you say that differently?"
"case-13/unknown-04.mp3","I didn’t quite understand that. Could you explain it more simply?"
"case-13/unknown-05.mp3","I’m not sure what you mean. Could you give me a little more detail?"
"case-13/intent-permission-to-ask-01.mp3","Of course. What would you like to ask me?"
"case-13/intent-permission-to-ask-02.mp3","Yes, that’s fine. Go ahead."
"case-13/intent-permission-to-ask-03.mp3","Sure, I’m happy to answer a few questions."
"case-13/intent-previous-use-01.mp3","I have been on metformin for a couple of years. The sitagliptin is the new addition."
"case-13/intent-previous-use-02.mp3","The metformin is not new to me, but I have never taken the sitagliptin before."
"case-13/intent-medical-conditions-01.mp3","Just the type 2 diabetes. My kidneys were fine at my last check."
"case-13/intent-medical-conditions-02.mp3","I have type 2 diabetes. That’s the only condition my doctor is managing."
"case-13/intent-current-symptoms-01.mp3","I feel well. No shakiness, sweating or dizzy spells."
"case-13/intent-current-symptoms-02.mp3","Nothing unusual — no hypos or stomach trouble at the moment."
"case-13/intent-side-effect-explanation-01.mp3","Okay, what should I do if that happens?"
"case-13/intent-side-effect-explanation-02.mp3","Thanks for explaining that. I’ll keep an eye out for it."
"case-13/intent-side-effect-explanation-03.mp3","All right. Is there anything that would mean I need urgent help?"
"case-13/intent-medicine-explanation-01.mp3","Okay, that helps me understand what it’s for."
"case-13/intent-medicine-explanation-02.mp3","Thanks, that makes sense now."
"case-13/intent-dosing-instruction-01.mp3","Okay, I understand how to take it."
"case-13/intent-dosing-instruction-02.mp3","Got it, thank you."
"case-13/intent-courtesy-close-01.mp3","Thanks for taking the time to explain everything. Bye."
"case-13/intent-courtesy-close-02.mp3","Thanks, I feel much clearer about the plan now."
"case-13/intent-courtesy-close-03.mp3","Thank you. I’ll follow the label and call the pharmacy if I’m unsure about anything."
"case-13/intent-negative-answer-01.mp3","Okay, I won’t. What should I do instead?"
"case-13/intent-negative-answer-02.mp3","All right. Could you tell me what I should do now?"
"case-13/intent-affirmative-answer-01.mp3","Okay, thanks for confirming that."
"case-13/intent-affirmative-answer-02.mp3","Good, that’s a relief."
"case-13/intent-acknowledgement-01.mp3","Okay. Is there anything else I should know?"
"case-13/intent-acknowledgement-02.mp3","All right, I’m listening."
"case-13/topic-introduction-01.mp3","Hi, yes. That would be really helpful."
"case-13/topic-introduction-02.mp3","Okay, I’m listening."
"case-13/topic-introduction-03.mp3","Great, thanks. Go ahead."
"case-13/topic-introduction-repeat-01.mp3","Yes, I’m still with you."
"case-13/topic-confirm-identity-01.mp3","Christopher Carruthers. Both are for me."
"case-13/topic-confirm-identity-02.mp3","Christopher Carruthers — they’re both mine."
"case-13/topic-confirm-identity-repeat-01.mp3","Christopher Carruthers. Both are for me."
"case-13/topic-confirm-age-01.mp3","My date of birth is 8 January 1978."
"case-13/topic-confirm-age-02.mp3","8 January 1978."
"case-13/topic-confirm-age-repeat-01.mp3","My date of birth is 8 January 1978."
"case-13/topic-allergies-01.mp3","No allergies to any medicines."
"case-13/topic-allergies-02.mp3","None that I know of."
"case-13/topic-allergies-repeat-01.mp3","No allergies to any medicines."
"case-13/topic-current-medicines-01.mp3","Only these two for the diabetes. No vitamins or anything over the counter."
"case-13/topic-current-medicines-02.mp3","Just the metformin and the new sitagliptin — nothing else."
"case-13/topic-current-medicines-repeat-01.mp3","Only these two for the diabetes. No vitamins or anything over the counter."
"case-13/topic-two-item-orientation-01.mp3","Right, so they are two different tablets doing two different jobs."
"case-13/topic-two-item-orientation-02.mp3","Good — I did wonder whether they were the same thing in two boxes."
"case-13/topic-metformin-xr-admin-01.mp3","Okay, I’ll swallow them whole and won’t break them up."
"case-13/topic-metformin-xr-admin-02.mp3","Okay, so the big ones go down whole even though they’re a mouthful."
"case-13/topic-metformin-gi-advice-01.mp3","I’ll take them with meals then."
"case-13/topic-metformin-gi-advice-02.mp3","Good to know — I’ll have them with dinner to settle my stomach."
"case-13/topic-sitagliptin-dose-01.mp3","One a day for the sitagliptin. Simple enough."
"case-13/topic-sitagliptin-dose-02.mp3","Got it — just the one sitagliptin daily."
"case-13/topic-hypo-advice-01.mp3","So shaky or sweaty means I get some sugar into me quickly."
"case-13/topic-hypo-advice-02.mp3","I’ll keep something sweet handy just in case."
"case-13/topic-diabetes-red-flags-01.mp3","I’ll get seen straight away if I get bad stomach pain or any swelling."
"case-13/topic-diabetes-red-flags-02.mp3","Okay, severe pain or swelling means I need urgent help."
"case-13/topic-teach-back-01.mp3","I’ll take four metformin daily with food, swallowed whole, and one sitagliptin a day. If I go shaky or sweaty I’ll have some sugar, and bad stomach pain means urgent help."
"case-13/topic-teach-back-repeat-01.mp3","I’ll take four metformin daily with food, swallowed whole, and one sitagliptin a day. If I go shaky or sweaty I’ll have some sugar, and bad stomach pain means urgent help."
"case-13/topic-invite-questions-01.mp3","I do have one more question before I go."
"case-13/topic-invite-questions-repeat-01.mp3","No, I think that covers everything. Thank you."
